-- Seed data for users
INSERT INTO users (user_id, name, email, roles, password_hash, date_created, date_updated) VALUES
	('a1f37266-1111-4006-984f-9325122678a1', 'John Doe', 'john@example.com', '{ADMIN}', 'passwordhash1', CURRENT_DATE, CURRENT_DATE),
	('b2e48272-2222-4106-888f-9325122678b2', 'Jane Smith', 'jane@example.com', '{USER}', 'passwordhash2', CURRENT_DATE, CURRENT_DATE),
	('c3d59378-3333-4206-777f-9325122678c3', 'Alice Johnson', 'alice@example.com', '{ADMIN,USER}', 'passwordhash3', CURRENT_DATE, CURRENT_DATE),
	('d4c60484-4444-4306-666f-9325122678d4', 'Bob Brown', 'bob@example.com', '{USER}', 'passwordhash4', CURRENT_DATE, CURRENT_DATE),
	('e5b71590-5555-4406-555f-9325122678e5', 'Charlie Davis', 'charlie@example.com', '{ADMIN}', 'passwordhash5', CURRENT_DATE, CURRENT_DATE)
ON CONFLICT DO NOTHING;

-- Seed data for products
INSERT INTO products (product_id, name, cost, quantity, user_id, date_created, date_updated) VALUES
	('f6a82696-6666-4506-444f-9325122678f6', 'Laptop', 1000, 10, 'a1f37266-1111-4006-984f-9325122678a1', CURRENT_DATE, CURRENT_DATE),
	('g7b937a2-7777-4606-333f-9325122678g7', 'Mobile Phone', 500, 20, 'b2e48272-2222-4106-888f-9325122678b2', CURRENT_DATE, CURRENT_DATE),
	('h8c048a8-8888-4706-222f-9325122678h8', 'Tablet', 750, 15, 'c3d59378-3333-4206-777f-9325122678c3', CURRENT_DATE, CURRENT_DATE),
	('i9d159ae-9999-4806-111f-9325122678i9', 'Smartwatch', 250, 30, 'd4c60484-4444-4306-666f-9325122678d4', CURRENT_DATE, CURRENT_DATE),
	('j0e260b4-0000-4906-000f-9325122678j0', 'Keyboard', 100, 50, 'e5b71590-5555-4406-555f-9325122678e5', CURRENT_DATE, CURRENT_DATE)
ON CONFLICT DO NOTHING;

-- Seed data for sales
INSERT INTO sales (sale_id, user_id, product_id, quantity, paid, date_created, date_updated) VALUES
	('k1f37116-aaaa-5006-aaaf-9325122678k1', 'a1f37266-1111-4006-984f-9325122678a1', 'f6a82696-6666-4506-444f-9325122678f6', 2, 2000, CURRENT_DATE, CURRENT_DATE),
	('l2g48222-bbbb-5106-bbbf-9325122678l2', 'b2e48272-2222-4106-888f-9325122678b2', 'g7b937a2-7777-4606-333f-9325122678g7', 3, 1500, CURRENT_DATE, CURRENT_DATE),
	('m3h59338-cccc-5206-cccf-9325122678m3', 'c3d59378-3333-4206-777f-9325122678c3', 'h8c048a8-8888-4706-222f-9325122678h8', 1, 750, CURRENT_DATE, CURRENT_DATE),
	('n4i60444-dddd-5306-dddf-9325122678n4', 'd4c60484-4444-4306-666f-9325122678d4', 'i9d159ae-9999-4806-111f-9325122678i9', 4, 1000, CURRENT_DATE, CURRENT_DATE),
	('o5j71550-eeee-5406-eeef-9325122678o5', 'e5b71590-5555-4406-555f-9325122678e5', 'j0e260b4-0000-4906-000f-9325122678j0', 5, 500, CURRENT_DATE, CURRENT_DATE)
ON CONFLICT DO NOTHING;
